<WatchdogConfig logfile="watch.log" watchFrequency="15">
    <UdpControl port="2346" returnmessage="false">
        <!--IpWhitelist>
            <Ip>10.1.1.106</Ip>
            <Ip>10.1.3.91</Ip>
            <Ip>127.0.0.1</Ip>
        </IpWhitelist-->
        <SystemHalt powerDownProjectors="true" command="halt"/>    
        <SystemReboot shutterCloseProjectors="true" command="reboot"/>
        <RestartApplication command="restart"/>
        <SwitchApplication command="switch_app"/>
        <StopApplication shutterCloseProjectors="true" command="firealarm_on"/>
        <StartApplication command="firealarm_off"/>
        <!--StatusReport command="status" loadingtime="2"/-->
        <!--ContinuousStatusChangeReport ip="10.1.1.106" port="6655"/-->
    </UdpControl>
    <Application binary="calc.exe" directory="">
        <EnvironmentVariables>
            <!--<EnvironmentVariable name="key"><![CDATA[value]]></EnvironmentVariable>-->
        </EnvironmentVariables>
        <Arguments>
            <!--Argument>test.txt</Argument!-->
        </Arguments>
        <!--Heartbeat>
            <Heartbeat_File>${TEMP}/heartbeat.xml</Heartbeat_File>
            <Allow_Missing_Heartbeats>5</Allow_Missing_Heartbeats>
            <Heartbeat_Frequency>1</Heartbeat_Frequency>
            <FirstHeartBeatDelay>120</FirstHeartBeatDelay>
        </Heartbeat-->
        <!--WaitDuringStartup>0</WaitDuringStartup>
        <WaitDuringRestart>10</WaitDuringRestart>                
        <Memory_Threshold>100000</Memory_Threshold>
        <RestartDay>Monday</RestartDay>
        <RestartTime>12:02</RestartTime>
        <CheckMemoryTime>00:00</CheckMemoryTime>
        <CheckTimedMemoryThreshold>150000</CheckTimedMemoryThreshold-->
    </Application>
</WatchdogConfig>
